{
  "ABIRoot": {
    "kind": "Root",
    "name": "TopLevel",
    "printedName": "TopLevel",
    "children": [
      {
        "kind": "Import",
        "name": "Foundation",
        "printedName": "Foundation",
        "declKind": "Import",
        "moduleName": "path_provider_foundation",
        "declAttributes": [
          "RawDocComment"
        ]
      },
      {
        "kind": "Import",
        "name": "Flutter",
        "printedName": "Flutter",
        "declKind": "Import",
        "moduleName": "path_provider_foundation"
      },
      {
        "kind": "Import",
        "name": "Foundation",
        "printedName": "Foundation",
        "declKind": "Import",
        "moduleName": "path_provider_foundation",
        "declAttributes": [
          "RawDocComment"
        ]
      },
      {
        "kind": "Import",
        "name": "Flutter",
        "printedName": "Flutter",
        "declKind": "Import",
        "moduleName": "path_provider_foundation"
      },
      {
        "kind": "TypeDecl",
        "name": "PathProviderPlugin",
        "printedName": "PathProviderPlugin",
        "children": [
          {
            "kind": "Function",
            "name": "register",
            "printedName": "register(with:)",
            "children": [
              {
                "kind": "TypeNominal",
                "name": "Void",
                "printedName": "()"
              },
              {
                "kind": "TypeNominal",
                "name": "FlutterPluginRegistrar",
                "printedName": "Flutter.FlutterPluginRegistrar",
                "usr": "c:objc(pl)FlutterPluginRegistrar"
              }
            ],
            "declKind": "Func",
            "usr": "c:@M@path_provider_foundation@objc(cs)PathProviderPlugin(cm)registerWithRegistrar:",
            "mangledName": "$s24path_provider_foundation18PathProviderPluginC8register4withySo07FlutterF9Registrar_p_tFZ",
            "moduleName": "path_provider_foundation",
            "static": true,
            "objc_name": "registerWithRegistrar:",
            "declAttributes": [
              "Final",
              "ObjC",
              "AccessControl"
            ],
            "funcSelfKind": "NonMutating"
          },
          {
            "kind": "Constructor",
            "name": "init",
            "printedName": "init()",
            "children": [
              {
                "kind": "TypeNominal",
                "name": "PathProviderPlugin",
                "printedName": "path_provider_foundation.PathProviderPlugin",
                "usr": "c:@M@path_provider_foundation@objc(cs)PathProviderPlugin"
              }
            ],
            "declKind": "Constructor",
            "usr": "c:@M@path_provider_foundation@objc(cs)PathProviderPlugin(im)init",
            "mangledName": "$s24path_provider_foundation18PathProviderPluginCACycfc",
            "moduleName": "path_provider_foundation",
            "overriding": true,
            "implicit": true,
            "objc_name": "init",
            "declAttributes": [
              "Dynamic",
              "ObjC",
              "Override"
            ],
            "init_kind": "Designated"
          }
        ],
        "declKind": "Class",
        "usr": "c:@M@path_provider_foundation@objc(cs)PathProviderPlugin",
        "mangledName": "$s24path_provider_foundation18PathProviderPluginC",
        "moduleName": "path_provider_foundation",
        "declAttributes": [
          "AccessControl",
          "ObjC"
        ],
        "superclassUsr": "c:objc(cs)NSObject",
        "inheritsConvenienceInitializers": true,
        "superclassNames": [
          "ObjectiveC.NSObject"
        ],
        "conformances": [
          {
            "kind": "Conformance",
            "name": "Equatable",
            "printedName": "Equatable",
            "usr": "s:SQ",
            "mangledName": "$sSQ"
          },
          {
            "kind": "Conformance",
            "name": "Hashable",
            "printedName": "Hashable",
            "usr": "s:SH",
            "mangledName": "$sSH"
          },
          {
            "kind": "Conformance",
            "name": "CVarArg",
            "printedName": "CVarArg",
            "usr": "s:s7CVarArgP",
            "mangledName": "$ss7CVarArgP"
          },
          {
            "kind": "Conformance",
            "name": "_KeyValueCodingAndObservingPublishing",
            "printedName": "_KeyValueCodingAndObservingPublishing",
            "usr": "s:10Foundation37_KeyValueCodingAndObservingPublishingP",
            "mangledName": "$s10Foundation37_KeyValueCodingAndObservingPublishingP"
          },
          {
            "kind": "Conformance",
            "name": "_KeyValueCodingAndObserving",
            "printedName": "_KeyValueCodingAndObserving",
            "usr": "s:10Foundation27_KeyValueCodingAndObservingP",
            "mangledName": "$s10Foundation27_KeyValueCodingAndObservingP"
          },
          {
            "kind": "Conformance",
            "name": "CustomStringConvertible",
            "printedName": "CustomStringConvertible",
            "usr": "s:s23CustomStringConvertibleP",
            "mangledName": "$ss23CustomStringConvertibleP"
          },
          {
            "kind": "Conformance",
            "name": "CustomDebugStringConvertible",
            "printedName": "CustomDebugStringConvertible",
            "usr": "s:s28CustomDebugStringConvertibleP",
            "mangledName": "$ss28CustomDebugStringConvertibleP"
          }
        ]
      }
    ],
    "json_format_version": 8
  },
  "ConstValues": [
    {
      "filePath": "\/Users\/brendan\/.pub-cache\/hosted\/pub.dev\/path_provider_foundation-2.3.2\/darwin\/Classes\/messages.g.swift",
      "kind": "StringLiteral",
      "offset": 698,
      "length": 10,
      "value": "\"\""
    },
    {
      "filePath": "\/Users\/brendan\/.pub-cache\/hosted\/pub.dev\/path_provider_foundation-2.3.2\/darwin\/Classes\/messages.g.swift",
      "kind": "StringLiteral",
      "offset": 707,
      "length": 2,
      "value": "\"\""
    },
    {
      "filePath": "\/Users\/brendan\/.pub-cache\/hosted\/pub.dev\/path_provider_foundation-2.3.2\/darwin\/Classes\/messages.g.swift",
      "kind": "StringLiteral",
      "offset": 714,
      "length": 20,
      "value": "\"\""
    },
    {
      "filePath": "\/Users\/brendan\/.pub-cache\/hosted\/pub.dev\/path_provider_foundation-2.3.2\/darwin\/Classes\/messages.g.swift",
      "kind": "StringLiteral",
      "offset": 733,
      "length": 2,
      "value": "\"\""
    },
    {
      "filePath": "\/Users\/brendan\/.pub-cache\/hosted\/pub.dev\/path_provider_foundation-2.3.2\/darwin\/Classes\/messages.g.swift",
      "kind": "StringLiteral",
      "offset": 740,
      "length": 40,
      "value": "\"Stacktrace: \""
    },
    {
      "filePath": "\/Users\/brendan\/.pub-cache\/hosted\/pub.dev\/path_provider_foundation-2.3.2\/darwin\/Classes\/messages.g.swift",
      "kind": "StringLiteral",
      "offset": 779,
      "length": 2,
      "value": "\"\""
    },
    {
      "filePath": "\/Users\/brendan\/.pub-cache\/hosted\/pub.dev\/path_provider_foundation-2.3.2\/darwin\/Classes\/messages.g.swift",
      "kind": "IntegerLiteral",
      "offset": 956,
      "length": 1,
      "value": "0"
    },
    {
      "filePath": "\/Users\/brendan\/.pub-cache\/hosted\/pub.dev\/path_provider_foundation-2.3.2\/darwin\/Classes\/messages.g.swift",
      "kind": "IntegerLiteral",
      "offset": 986,
      "length": 1,
      "value": "1"
    },
    {
      "filePath": "\/Users\/brendan\/.pub-cache\/hosted\/pub.dev\/path_provider_foundation-2.3.2\/darwin\/Classes\/messages.g.swift",
      "kind": "IntegerLiteral",
      "offset": 1007,
      "length": 1,
      "value": "2"
    },
    {
      "filePath": "\/Users\/brendan\/.pub-cache\/hosted\/pub.dev\/path_provider_foundation-2.3.2\/darwin\/Classes\/messages.g.swift",
      "kind": "IntegerLiteral",
      "offset": 1026,
      "length": 1,
      "value": "3"
    },
    {
      "filePath": "\/Users\/brendan\/.pub-cache\/hosted\/pub.dev\/path_provider_foundation-2.3.2\/darwin\/Classes\/messages.g.swift",
      "kind": "IntegerLiteral",
      "offset": 1042,
      "length": 1,
      "value": "4"
    },
    {
      "filePath": "\/Users\/brendan\/.pub-cache\/hosted\/pub.dev\/path_provider_foundation-2.3.2\/darwin\/Classes\/messages.g.swift",
      "kind": "IntegerLiteral",
      "offset": 1070,
      "length": 1,
      "value": "5"
    },
    {
      "filePath": "\/Users\/brendan\/.pub-cache\/hosted\/pub.dev\/path_provider_foundation-2.3.2\/darwin\/Classes\/messages.g.swift",
      "kind": "IntegerLiteral",
      "offset": 956,
      "length": 1,
      "value": "0"
    },
    {
      "filePath": "\/Users\/brendan\/.pub-cache\/hosted\/pub.dev\/path_provider_foundation-2.3.2\/darwin\/Classes\/messages.g.swift",
      "kind": "IntegerLiteral",
      "offset": 986,
      "length": 1,
      "value": "1"
    },
    {
      "filePath": "\/Users\/brendan\/.pub-cache\/hosted\/pub.dev\/path_provider_foundation-2.3.2\/darwin\/Classes\/messages.g.swift",
      "kind": "IntegerLiteral",
      "offset": 1007,
      "length": 1,
      "value": "2"
    },
    {
      "filePath": "\/Users\/brendan\/.pub-cache\/hosted\/pub.dev\/path_provider_foundation-2.3.2\/darwin\/Classes\/messages.g.swift",
      "kind": "IntegerLiteral",
      "offset": 1026,
      "length": 1,
      "value": "3"
    },
    {
      "filePath": "\/Users\/brendan\/.pub-cache\/hosted\/pub.dev\/path_provider_foundation-2.3.2\/darwin\/Classes\/messages.g.swift",
      "kind": "IntegerLiteral",
      "offset": 1042,
      "length": 1,
      "value": "4"
    },
    {
      "filePath": "\/Users\/brendan\/.pub-cache\/hosted\/pub.dev\/path_provider_foundation-2.3.2\/darwin\/Classes\/messages.g.swift",
      "kind": "IntegerLiteral",
      "offset": 1070,
      "length": 1,
      "value": "5"
    },
    {
      "filePath": "\/Users\/brendan\/.pub-cache\/hosted\/pub.dev\/path_provider_foundation-2.3.2\/darwin\/Classes\/messages.g.swift",
      "kind": "IntegerLiteral",
      "offset": 956,
      "length": 1,
      "value": "0"
    },
    {
      "filePath": "\/Users\/brendan\/.pub-cache\/hosted\/pub.dev\/path_provider_foundation-2.3.2\/darwin\/Classes\/messages.g.swift",
      "kind": "IntegerLiteral",
      "offset": 986,
      "length": 1,
      "value": "1"
    },
    {
      "filePath": "\/Users\/brendan\/.pub-cache\/hosted\/pub.dev\/path_provider_foundation-2.3.2\/darwin\/Classes\/messages.g.swift",
      "kind": "IntegerLiteral",
      "offset": 1007,
      "length": 1,
      "value": "2"
    },
    {
      "filePath": "\/Users\/brendan\/.pub-cache\/hosted\/pub.dev\/path_provider_foundation-2.3.2\/darwin\/Classes\/messages.g.swift",
      "kind": "IntegerLiteral",
      "offset": 1026,
      "length": 1,
      "value": "3"
    },
    {
      "filePath": "\/Users\/brendan\/.pub-cache\/hosted\/pub.dev\/path_provider_foundation-2.3.2\/darwin\/Classes\/messages.g.swift",
      "kind": "IntegerLiteral",
      "offset": 1042,
      "length": 1,
      "value": "4"
    },
    {
      "filePath": "\/Users\/brendan\/.pub-cache\/hosted\/pub.dev\/path_provider_foundation-2.3.2\/darwin\/Classes\/messages.g.swift",
      "kind": "IntegerLiteral",
      "offset": 1070,
      "length": 1,
      "value": "5"
    },
    {
      "filePath": "\/Users\/brendan\/.pub-cache\/hosted\/pub.dev\/path_provider_foundation-2.3.2\/darwin\/Classes\/messages.g.swift",
      "kind": "StringLiteral",
      "offset": 1739,
      "length": 53,
      "value": "\"dev.flutter.pigeon.PathProviderApi.getDirectoryPath\""
    },
    {
      "filePath": "\/Users\/brendan\/.pub-cache\/hosted\/pub.dev\/path_provider_foundation-2.3.2\/darwin\/Classes\/messages.g.swift",
      "kind": "IntegerLiteral",
      "offset": 2008,
      "length": 1,
      "value": "0"
    },
    {
      "filePath": "\/Users\/brendan\/.pub-cache\/hosted\/pub.dev\/path_provider_foundation-2.3.2\/darwin\/Classes\/messages.g.swift",
      "kind": "StringLiteral",
      "offset": 2349,
      "length": 53,
      "value": "\"dev.flutter.pigeon.PathProviderApi.getContainerPath\""
    },
    {
      "filePath": "\/Users\/brendan\/.pub-cache\/hosted\/pub.dev\/path_provider_foundation-2.3.2\/darwin\/Classes\/messages.g.swift",
      "kind": "IntegerLiteral",
      "offset": 2608,
      "length": 1,
      "value": "0"
    },
    {
      "filePath": "\/Users\/brendan\/.pub-cache\/hosted\/pub.dev\/path_provider_foundation-2.3.2\/darwin\/Classes\/PathProviderPlugin.swift",
      "kind": "BooleanLiteral",
      "offset": 2682,
      "length": 4,
      "value": "true"
    }
  ]
}