{"assets/assessments_thumbnail.png":["assets/assessments_thumbnail.png"],"assets/bottom_swoosh_shape.svg":["assets/bottom_swoosh_shape.svg"],"assets/clock_icon.svg":["assets/clock_icon.svg"],"assets/empty_image.svg":["assets/empty_image.svg"],"assets/empty_video.svg":["assets/empty_video.svg"],"assets/icon-health-score.svg":["assets/icon-health-score.svg"],"assets/icon_arrow_back.svg":["assets/icon_arrow_back.svg"],"assets/icon_arrow_down.svg":["assets/icon_arrow_down.svg"],"assets/icon_arrow_next.svg":["assets/icon_arrow_next.svg"],"assets/icon_arrow_up.svg":["assets/icon_arrow_up.svg"],"assets/icon_assessments.svg":["assets/icon_assessments.svg"],"assets/icon_body.svg":["assets/icon_body.svg"],"assets/icon_buildr.svg":["assets/icon_buildr.svg"],"assets/icon_close.svg":["assets/icon_close.svg"],"assets/icon_complete.svg":["assets/icon_complete.svg"],"assets/icon_incomplete.svg":["assets/icon_incomplete.svg"],"assets/icon_info.svg":["assets/icon_info.svg"],"assets/icon_minis.svg":["assets/icon_minis.svg"],"assets/icon_prescriptions.svg":["assets/icon_prescriptions.svg"],"assets/icon_sound.svg":["assets/icon_sound.svg"],"assets/movr_blue_logo_small.svg":["assets/movr_blue_logo_small.svg"],"assets/movr_logo.png":["assets/movr_logo.png"],"assets/movr_logo_blue.svg":["assets/movr_logo_blue.svg"],"assets/movr_logo_small.png":["assets/movr_logo_small.png"],"assets/movr_logo_white.png":["assets/movr_logo_white.png"],"assets/movr_logo_white.svg":["assets/movr_logo_white.svg"],"assets/next_icon.svg":["assets/next_icon.svg"],"assets/not_found.svg":["assets/not_found.svg"],"assets/pause_icon.svg":["assets/pause_icon.svg"],"assets/play_icon.svg":["assets/play_icon.svg"],"assets/prescriptions_thumbnail.png":["assets/prescriptions_thumbnail.png"],"assets/previous_icon.svg":["assets/previous_icon.svg"],"assets/stat_icon.svg":["assets/stat_icon.svg"],"assets/test_hero_overview.png":["assets/test_hero_overview.png"],"assets/tutorial_video.svg":["assets/tutorial_video.svg"],"assets/type_icon.svg":["assets/type_icon.svg"],"assets/weight_icon.svg":["assets/weight_icon.svg"],"audio/audio-complete.mp3":["audio/audio-complete.mp3"],"audio/audio-countdown.mp3":["audio/audio-countdown.mp3"],"audio/audio-half-way.mp3":["audio/audio-half-way.mp3"],"audio/audio-welcome.mp3":["audio/audio-welcome.mp3"],"fonts/Montserrat-Black.ttf":["fonts/Montserrat-Black.ttf"],"fonts/Montserrat-Bold.ttf":["fonts/Montserrat-Bold.ttf"],"fonts/Montserrat-ExtraBold.ttf":["fonts/Montserrat-ExtraBold.ttf"],"fonts/Montserrat-ExtraLight.ttf":["fonts/Montserrat-ExtraLight.ttf"],"fonts/Montserrat-Light.ttf":["fonts/Montserrat-Light.ttf"],"fonts/Montserrat-Medium.ttf":["fonts/Montserrat-Medium.ttf"],"fonts/Montserrat-Regular.ttf":["fonts/Montserrat-Regular.ttf"],"fonts/Montserrat-SemiBold.ttf":["fonts/Montserrat-SemiBold.ttf"],"fonts/Montserrat-Thin.ttf":["fonts/Montserrat-Thin.ttf"],"fonts/Poppins-Black.ttf":["fonts/Poppins-Black.ttf"],"fonts/Poppins-Bold.ttf":["fonts/Poppins-Bold.ttf"],"fonts/Poppins-ExtraBold.ttf":["fonts/Poppins-ExtraBold.ttf"],"fonts/Poppins-ExtraLight.ttf":["fonts/Poppins-ExtraLight.ttf"],"fonts/Poppins-Light.ttf":["fonts/Poppins-Light.ttf"],"fonts/Poppins-Medium.ttf":["fonts/Poppins-Medium.ttf"],"fonts/Poppins-Regular.ttf":["fonts/Poppins-Regular.ttf"],"fonts/Poppins-SemiBold.ttf":["fonts/Poppins-SemiBold.ttf"],"fonts/Poppins-Thin.ttf":["fonts/Poppins-Thin.ttf"],"fonts/Roboto-Regular.ttf":["fonts/Roboto-Regular.ttf"],"packages/cupertino_icons/assets/CupertinoIcons.ttf":["packages/cupertino_icons/assets/CupertinoIcons.ttf"],"packages/wakelock_web/assets/no_sleep.js":["packages/wakelock_web/assets/no_sleep.js"]}