{"packages/cupertino_icons/assets/CupertinoIcons.ttf":["packages/cupertino_icons/assets/CupertinoIcons.ttf"],"packages/movr_components/assets/assessments_thumbnail.png":["packages/movr_components/assets/assessments_thumbnail.png"],"packages/movr_components/assets/audio/audio-complete.mp3":["packages/movr_components/assets/audio/audio-complete.mp3"],"packages/movr_components/assets/audio/audio-countdown.mp3":["packages/movr_components/assets/audio/audio-countdown.mp3"],"packages/movr_components/assets/audio/audio-half-way.mp3":["packages/movr_components/assets/audio/audio-half-way.mp3"],"packages/movr_components/assets/audio/audio-welcome.mp3":["packages/movr_components/assets/audio/audio-welcome.mp3"],"packages/movr_components/assets/bottom_swoosh_shape.svg":["packages/movr_components/assets/bottom_swoosh_shape.svg"],"packages/movr_components/assets/clock_icon.svg":["packages/movr_components/assets/clock_icon.svg"],"packages/movr_components/assets/empty_image.svg":["packages/movr_components/assets/empty_image.svg"],"packages/movr_components/assets/empty_video.svg":["packages/movr_components/assets/empty_video.svg"],"packages/movr_components/assets/icon-health-score.svg":["packages/movr_components/assets/icon-health-score.svg"],"packages/movr_components/assets/icon_arrow_back.svg":["packages/movr_components/assets/icon_arrow_back.svg"],"packages/movr_components/assets/icon_arrow_down.svg":["packages/movr_components/assets/icon_arrow_down.svg"],"packages/movr_components/assets/icon_arrow_next.svg":["packages/movr_components/assets/icon_arrow_next.svg"],"packages/movr_components/assets/icon_arrow_up.svg":["packages/movr_components/assets/icon_arrow_up.svg"],"packages/movr_components/assets/icon_assessments.svg":["packages/movr_components/assets/icon_assessments.svg"],"packages/movr_components/assets/icon_body.svg":["packages/movr_components/assets/icon_body.svg"],"packages/movr_components/assets/icon_buildr.svg":["packages/movr_components/assets/icon_buildr.svg"],"packages/movr_components/assets/icon_close.svg":["packages/movr_components/assets/icon_close.svg"],"packages/movr_components/assets/icon_complete.svg":["packages/movr_components/assets/icon_complete.svg"],"packages/movr_components/assets/icon_incomplete.svg":["packages/movr_components/assets/icon_incomplete.svg"],"packages/movr_components/assets/icon_info.svg":["packages/movr_components/assets/icon_info.svg"],"packages/movr_components/assets/icon_minis.svg":["packages/movr_components/assets/icon_minis.svg"],"packages/movr_components/assets/icon_prescriptions.svg":["packages/movr_components/assets/icon_prescriptions.svg"],"packages/movr_components/assets/icon_sound.svg":["packages/movr_components/assets/icon_sound.svg"],"packages/movr_components/assets/movr_blue_logo_small.svg":["packages/movr_components/assets/movr_blue_logo_small.svg"],"packages/movr_components/assets/movr_logo.png":["packages/movr_components/assets/movr_logo.png"],"packages/movr_components/assets/movr_logo_blue.svg":["packages/movr_components/assets/movr_logo_blue.svg"],"packages/movr_components/assets/movr_logo_small.png":["packages/movr_components/assets/movr_logo_small.png"],"packages/movr_components/assets/movr_logo_white.png":["packages/movr_components/assets/movr_logo_white.png"],"packages/movr_components/assets/movr_logo_white.svg":["packages/movr_components/assets/movr_logo_white.svg"],"packages/movr_components/assets/next_icon.svg":["packages/movr_components/assets/next_icon.svg"],"packages/movr_components/assets/not_found.svg":["packages/movr_components/assets/not_found.svg"],"packages/movr_components/assets/pause_icon.svg":["packages/movr_components/assets/pause_icon.svg"],"packages/movr_components/assets/play_icon.svg":["packages/movr_components/assets/play_icon.svg"],"packages/movr_components/assets/prescriptions_thumbnail.png":["packages/movr_components/assets/prescriptions_thumbnail.png"],"packages/movr_components/assets/previous_icon.svg":["packages/movr_components/assets/previous_icon.svg"],"packages/movr_components/assets/stat_icon.svg":["packages/movr_components/assets/stat_icon.svg"],"packages/movr_components/assets/test_hero_overview.png":["packages/movr_components/assets/test_hero_overview.png"],"packages/movr_components/assets/tutorial_video.svg":["packages/movr_components/assets/tutorial_video.svg"],"packages/movr_components/assets/type_icon.svg":["packages/movr_components/assets/type_icon.svg"],"packages/movr_components/assets/weight_icon.svg":["packages/movr_components/assets/weight_icon.svg"],"packages/movr_components/fonts/Inter-Black.ttf":["packages/movr_components/fonts/Inter-Black.ttf"],"packages/movr_components/fonts/Inter-Bold.ttf":["packages/movr_components/fonts/Inter-Bold.ttf"],"packages/movr_components/fonts/Inter-ExtraBold.ttf":["packages/movr_components/fonts/Inter-ExtraBold.ttf"],"packages/movr_components/fonts/Inter-ExtraLight.ttf":["packages/movr_components/fonts/Inter-ExtraLight.ttf"],"packages/movr_components/fonts/Inter-Light.ttf":["packages/movr_components/fonts/Inter-Light.ttf"],"packages/movr_components/fonts/Inter-Medium.ttf":["packages/movr_components/fonts/Inter-Medium.ttf"],"packages/movr_components/fonts/Inter-Regular.ttf":["packages/movr_components/fonts/Inter-Regular.ttf"],"packages/movr_components/fonts/Inter-SemiBold.ttf":["packages/movr_components/fonts/Inter-SemiBold.ttf"],"packages/movr_components/fonts/Inter-Thin.ttf":["packages/movr_components/fonts/Inter-Thin.ttf"],"packages/movr_components/fonts/Montserrat-Black.ttf":["packages/movr_components/fonts/Montserrat-Black.ttf"],"packages/movr_components/fonts/Montserrat-Bold.ttf":["packages/movr_components/fonts/Montserrat-Bold.ttf"],"packages/movr_components/fonts/Montserrat-ExtraBold.ttf":["packages/movr_components/fonts/Montserrat-ExtraBold.ttf"],"packages/movr_components/fonts/Montserrat-ExtraLight.ttf":["packages/movr_components/fonts/Montserrat-ExtraLight.ttf"],"packages/movr_components/fonts/Montserrat-Light.ttf":["packages/movr_components/fonts/Montserrat-Light.ttf"],"packages/movr_components/fonts/Montserrat-Medium.ttf":["packages/movr_components/fonts/Montserrat-Medium.ttf"],"packages/movr_components/fonts/Montserrat-Regular.ttf":["packages/movr_components/fonts/Montserrat-Regular.ttf"],"packages/movr_components/fonts/Montserrat-SemiBold.ttf":["packages/movr_components/fonts/Montserrat-SemiBold.ttf"],"packages/movr_components/fonts/Montserrat-Thin.ttf":["packages/movr_components/fonts/Montserrat-Thin.ttf"],"packages/movr_components/fonts/Poppins-Black.ttf":["packages/movr_components/fonts/Poppins-Black.ttf"],"packages/movr_components/fonts/Poppins-Bold.ttf":["packages/movr_components/fonts/Poppins-Bold.ttf"],"packages/movr_components/fonts/Poppins-ExtraBold.ttf":["packages/movr_components/fonts/Poppins-ExtraBold.ttf"],"packages/movr_components/fonts/Poppins-ExtraLight.ttf":["packages/movr_components/fonts/Poppins-ExtraLight.ttf"],"packages/movr_components/fonts/Poppins-Light.ttf":["packages/movr_components/fonts/Poppins-Light.ttf"],"packages/movr_components/fonts/Poppins-Medium.ttf":["packages/movr_components/fonts/Poppins-Medium.ttf"],"packages/movr_components/fonts/Poppins-Regular.ttf":["packages/movr_components/fonts/Poppins-Regular.ttf"],"packages/movr_components/fonts/Poppins-SemiBold.ttf":["packages/movr_components/fonts/Poppins-SemiBold.ttf"],"packages/movr_components/fonts/Poppins-Thin.ttf":["packages/movr_components/fonts/Poppins-Thin.ttf"],"packages/movr_components/fonts/Roboto-Regular.ttf":["packages/movr_components/fonts/Roboto-Regular.ttf"],"packages/movr_components/fonts/Volte-Bold.ttf":["packages/movr_components/fonts/Volte-Bold.ttf"],"packages/movr_components/fonts/Volte-Light.ttf":["packages/movr_components/fonts/Volte-Light.ttf"],"packages/movr_components/fonts/Volte-Medium.ttf":["packages/movr_components/fonts/Volte-Medium.ttf"],"packages/movr_components/fonts/Volte-Regular.ttf":["packages/movr_components/fonts/Volte-Regular.ttf"],"packages/movr_components/fonts/Volte-Semibold.ttf":["packages/movr_components/fonts/Volte-Semibold.ttf"]}