[{"family":"MaterialIcons","fonts":[{"asset":"fonts/MaterialIcons-Regular.otf"}]},{"family":"packages/cupertino_icons/CupertinoIcons","fonts":[{"asset":"packages/cupertino_icons/assets/CupertinoIcons.ttf"}]},{"family":"packages/movr_components/Montserrat","fonts":[{"weight":100,"asset":"packages/movr_components/fonts/Montserrat-Thin.ttf"},{"weight":200,"asset":"packages/movr_components/fonts/Montserrat-ExtraLight.ttf"},{"weight":300,"asset":"packages/movr_components/fonts/Montserrat-Light.ttf"},{"weight":400,"asset":"packages/movr_components/fonts/Montserrat-Regular.ttf"},{"weight":500,"asset":"packages/movr_components/fonts/Montserrat-Medium.ttf"},{"weight":600,"asset":"packages/movr_components/fonts/Montserrat-SemiBold.ttf"},{"weight":700,"asset":"packages/movr_components/fonts/Montserrat-Bold.ttf"},{"weight":800,"asset":"packages/movr_components/fonts/Montserrat-ExtraBold.ttf"},{"weight":900,"asset":"packages/movr_components/fonts/Montserrat-Black.ttf"}]},{"family":"packages/movr_components/Inter","fonts":[{"weight":100,"asset":"packages/movr_components/fonts/Inter-Thin.ttf"},{"weight":200,"asset":"packages/movr_components/fonts/Inter-ExtraLight.ttf"},{"weight":300,"asset":"packages/movr_components/fonts/Inter-Light.ttf"},{"weight":400,"asset":"packages/movr_components/fonts/Inter-Regular.ttf"},{"weight":500,"asset":"packages/movr_components/fonts/Inter-Medium.ttf"},{"weight":600,"asset":"packages/movr_components/fonts/Inter-SemiBold.ttf"},{"weight":700,"asset":"packages/movr_components/fonts/Inter-Bold.ttf"},{"weight":800,"asset":"packages/movr_components/fonts/Inter-ExtraBold.ttf"},{"weight":900,"asset":"packages/movr_components/fonts/Inter-Black.ttf"}]},{"family":"packages/movr_components/Poppins","fonts":[{"weight":100,"asset":"packages/movr_components/fonts/Poppins-Thin.ttf"},{"weight":200,"asset":"packages/movr_components/fonts/Poppins-ExtraLight.ttf"},{"weight":300,"asset":"packages/movr_components/fonts/Poppins-Light.ttf"},{"weight":400,"asset":"packages/movr_components/fonts/Poppins-Regular.ttf"},{"weight":500,"asset":"packages/movr_components/fonts/Poppins-Medium.ttf"},{"weight":600,"asset":"packages/movr_components/fonts/Poppins-SemiBold.ttf"},{"weight":700,"asset":"packages/movr_components/fonts/Poppins-Bold.ttf"},{"weight":800,"asset":"packages/movr_components/fonts/Poppins-ExtraBold.ttf"},{"weight":900,"asset":"packages/movr_components/fonts/Poppins-Black.ttf"}]},{"family":"packages/movr_components/Roboto","fonts":[{"asset":"packages/movr_components/fonts/Roboto-Regular.ttf"}]},{"family":"packages/movr_components/Volte","fonts":[{"weight":100,"asset":"packages/movr_components/fonts/Volte-Light.ttf"},{"weight":200,"asset":"packages/movr_components/fonts/Volte-Light.ttf"},{"weight":300,"asset":"packages/movr_components/fonts/Volte-Light.ttf"},{"weight":400,"asset":"packages/movr_components/fonts/Volte-Regular.ttf"},{"weight":500,"asset":"packages/movr_components/fonts/Volte-Medium.ttf"},{"weight":600,"asset":"packages/movr_components/fonts/Volte-Semibold.ttf"},{"weight":700,"asset":"packages/movr_components/fonts/Volte-Bold.ttf"},{"weight":800,"asset":"packages/movr_components/fonts/Volte-Bold.ttf"},{"weight":900,"asset":"packages/movr_components/fonts/Volte-Bold.ttf"}]}]