{"assets/assessments_thumbnail.png":["assets/assessments_thumbnail.png"],"assets/empty_image.svg":["assets/empty_image.svg"],"assets/empty_video.svg":["assets/empty_video.svg"],"assets/icon_complete.svg":["assets/icon_complete.svg"],"assets/icon_incomplete.svg":["assets/icon_incomplete.svg"],"assets/movr_logo.png":["assets/movr_logo.png"],"assets/movr_logo_blue.svg":["assets/movr_logo_blue.svg"],"assets/movr_logo_white.png":["assets/movr_logo_white.png"],"assets/movr_logo_white.svg":["assets/movr_logo_white.svg"],"assets/not_found.svg":["assets/not_found.svg"],"assets/prescriptions_thumbnail.png":["assets/prescriptions_thumbnail.png"],"assets/tutorial_video.svg":["assets/tutorial_video.svg"],"fonts/Montserrat-Bold.ttf":["fonts/Montserrat-Bold.ttf"],"fonts/Montserrat-ExtraBold.ttf":["fonts/Montserrat-ExtraBold.ttf"],"fonts/Montserrat-Medium.ttf":["fonts/Montserrat-Medium.ttf"],"fonts/Montserrat-Regular.ttf":["fonts/Montserrat-Regular.ttf"],"fonts/Poppins-Bold.ttf":["fonts/Poppins-Bold.ttf"],"fonts/Poppins-ExtraBold.ttf":["fonts/Poppins-ExtraBold.ttf"],"fonts/Poppins-Medium.ttf":["fonts/Poppins-Medium.ttf"],"fonts/Poppins-Regular.ttf":["fonts/Poppins-Regular.ttf"],"fonts/Roboto-Regular.ttf":["fonts/Roboto-Regular.ttf"],"packages/cupertino_icons/assets/CupertinoIcons.ttf":["packages/cupertino_icons/assets/CupertinoIcons.ttf"],"packages/wakelock_web/assets/no_sleep.js":["packages/wakelock_web/assets/no_sleep.js"]}