[{"family":"MaterialIcons","fonts":[{"asset":"fonts/MaterialIcons-Regular.otf"}]},{"family":"Montserrat","fonts":[{"asset":"fonts/Montserrat-Regular.ttf"},{"weight":500,"asset":"fonts/Montserrat-Medium.ttf"},{"weight":700,"asset":"fonts/Montserrat-Bold.ttf"},{"weight":800,"asset":"fonts/Montserrat-ExtraBold.ttf"}]},{"family":"Poppins","fonts":[{"asset":"fonts/Poppins-Regular.ttf"},{"weight":500,"asset":"fonts/Poppins-Medium.ttf"},{"weight":700,"asset":"fonts/Poppins-Bold.ttf"},{"weight":800,"asset":"fonts/Poppins-ExtraBold.ttf"}]},{"family":"Roboto","fonts":[{"asset":"fonts/Roboto-Regular.ttf"}]},{"family":"packages/cupertino_icons/CupertinoIcons","fonts":[{"asset":"packages/cupertino_icons/assets/CupertinoIcons.ttf"}]}]