[{"family":"MaterialIcons","fonts":[{"asset":"fonts/MaterialIcons-Regular.otf"}]},{"family":"Montserrat","fonts":[{"weight":100,"asset":"fonts/Montserrat-Thin.ttf"},{"weight":200,"asset":"fonts/Montserrat-ExtraLight.ttf"},{"weight":300,"asset":"fonts/Montserrat-Light.ttf"},{"weight":400,"asset":"fonts/Montserrat-Regular.ttf"},{"weight":500,"asset":"fonts/Montserrat-Medium.ttf"},{"weight":600,"asset":"fonts/Montserrat-SemiBold.ttf"},{"weight":700,"asset":"fonts/Montserrat-Bold.ttf"},{"weight":800,"asset":"fonts/Montserrat-ExtraBold.ttf"},{"weight":900,"asset":"fonts/Montserrat-Black.ttf"}]},{"family":"Poppins","fonts":[{"weight":100,"asset":"fonts/Poppins-Thin.ttf"},{"weight":200,"asset":"fonts/Poppins-ExtraLight.ttf"},{"weight":300,"asset":"fonts/Poppins-Light.ttf"},{"weight":400,"asset":"fonts/Poppins-Regular.ttf"},{"weight":500,"asset":"fonts/Poppins-Medium.ttf"},{"weight":600,"asset":"fonts/Poppins-SemiBold.ttf"},{"weight":700,"asset":"fonts/Poppins-Bold.ttf"},{"weight":800,"asset":"fonts/Poppins-ExtraBold.ttf"},{"weight":900,"asset":"fonts/Poppins-Black.ttf"}]},{"family":"Roboto","fonts":[{"asset":"fonts/Roboto-Regular.ttf"}]},{"family":"packages/cupertino_icons/CupertinoIcons","fonts":[{"asset":"packages/cupertino_icons/assets/CupertinoIcons.ttf"}]}]